site,set_name,reading_date,position,pin_number,measurement,read_by
CovePoint,CP_North,8/26/2014,1,1,NA,M_Day
CovePoint,CP_North,8/26/2014,1,2,192,M_Day
CovePoint,CP_North,8/26/2014,1,3,189,M_Day
CovePoint,CP_North,8/26/2014,1,4,186,M_Day
CovePoint,CP_North,8/26/2014,1,5,191,M_Day
CovePoint,CP_North,8/26/2014,1,6,187,M_Day
CovePoint,CP_North,8/26/2014,1,7,189,M_Day
CovePoint,CP_North,8/26/2014,1,8,189,M_Day
CovePoint,CP_North,8/26/2014,1,9,192,M_Day
CovePoint,CP_North,8/26/2014,3,1,197,M_Day
CovePoint,CP_North,8/26/2014,3,2,192,M_Day
CovePoint,CP_North,8/26/2014,3,3,198,M_Day
CovePoint,CP_North,8/26/2014,3,4,194,M_Day
CovePoint,CP_North,8/26/2014,3,5,194,M_Day
CovePoint,CP_North,8/26/2014,3,6,197,M_Day
CovePoint,CP_North,8/26/2014,3,7,197,M_Day
CovePoint,CP_North,8/26/2014,3,8,198,M_Day
CovePoint,CP_North,8/26/2014,3,9,195,M_Day
CovePoint,CP_North,8/26/2014,5,1,192,M_Day
CovePoint,CP_North,8/26/2014,5,2,192,M_Day
CovePoint,CP_North,8/26/2014,5,3,192,M_Day
CovePoint,CP_North,8/26/2014,5,4,189,M_Day
CovePoint,CP_North,8/26/2014,5,5,198,M_Day
CovePoint,CP_North,8/26/2014,5,6,192,M_Day
CovePoint,CP_North,8/26/2014,5,7,192,M_Day
CovePoint,CP_North,8/26/2014,5,8,192,M_Day
CovePoint,CP_North,8/26/2014,5,9,191,M_Day
CovePoint,CP_North,8/26/2014,7,1,194,M_Day
CovePoint,CP_North,8/26/2014,7,2,197,M_Day
CovePoint,CP_North,8/26/2014,7,3,189,M_Day
CovePoint,CP_North,8/26/2014,7,4,192,M_Day
CovePoint,CP_North,8/26/2014,7,5,191,M_Day
CovePoint,CP_North,8/26/2014,7,6,189,M_Day
CovePoint,CP_North,8/26/2014,7,7,189,M_Day
CovePoint,CP_North,8/26/2014,7,8,187,M_Day
CovePoint,CP_North,8/26/2014,7,9,195,M_Day
CovePoint,CP_South,8/26/2014,1,1,189,M_Day
CovePoint,CP_South,8/26/2014,1,2,186,M_Day
CovePoint,CP_South,8/26/2014,1,3,244,M_Day
CovePoint,CP_South,8/26/2014,1,4,187,M_Day
CovePoint,CP_South,8/26/2014,1,5,186,M_Day
CovePoint,CP_South,8/26/2014,1,6,192,M_Day
CovePoint,CP_South,8/26/2014,1,7,219,M_Day
CovePoint,CP_South,8/26/2014,1,8,211,M_Day
CovePoint,CP_South,8/26/2014,1,9,191,M_Day
CovePoint,CP_South,8/26/2014,3,1,200,M_Day
CovePoint,CP_South,8/26/2014,3,2,191,M_Day
CovePoint,CP_South,8/26/2014,3,3,186,M_Day
CovePoint,CP_South,8/26/2014,3,4,198,M_Day
CovePoint,CP_South,8/26/2014,3,5,195,M_Day
CovePoint,CP_South,8/26/2014,3,6,198,M_Day
CovePoint,CP_South,8/26/2014,3,7,191,M_Day
CovePoint,CP_South,8/26/2014,3,8,184,M_Day
CovePoint,CP_South,8/26/2014,3,9,195,M_Day
CovePoint,CP_South,8/26/2014,5,1,186,M_Day
CovePoint,CP_South,8/26/2014,5,2,194,M_Day
CovePoint,CP_South,8/26/2014,5,3,191,M_Day
CovePoint,CP_South,8/26/2014,5,4,194,M_Day
CovePoint,CP_South,8/26/2014,5,5,194,M_Day
CovePoint,CP_South,8/26/2014,5,6,195,M_Day
CovePoint,CP_South,8/26/2014,5,7,197,M_Day
CovePoint,CP_South,8/26/2014,5,8,197,M_Day
CovePoint,CP_South,8/26/2014,5,9,198,M_Day
CovePoint,CP_South,8/26/2014,7,1,186,M_Day
CovePoint,CP_South,8/26/2014,7,2,191,M_Day
CovePoint,CP_South,8/26/2014,7,3,191,M_Day
CovePoint,CP_South,8/26/2014,7,4,181,M_Day
CovePoint,CP_South,8/26/2014,7,5,184,M_Day
CovePoint,CP_South,8/26/2014,7,6,189,M_Day
CovePoint,CP_South,8/26/2014,7,7,187,M_Day
CovePoint,CP_South,8/26/2014,7,8,187,M_Day
CovePoint,CP_South,8/26/2014,7,9,184,M_Day
CovePoint,CP_North,4/6/2015,1,1,196,M_Day
CovePoint,CP_North,4/6/2015,1,2,194,M_Day
CovePoint,CP_North,4/6/2015,1,3,194,M_Day
CovePoint,CP_North,4/6/2015,1,4,211,M_Day
CovePoint,CP_North,4/6/2015,1,5,204,M_Day
CovePoint,CP_North,4/6/2015,1,6,195,M_Day
CovePoint,CP_North,4/6/2015,1,7,205,M_Day
CovePoint,CP_North,4/6/2015,1,8,192,M_Day
CovePoint,CP_North,4/6/2015,1,9,194,M_Day
CovePoint,CP_North,4/6/2015,3,1,205,M_Day
CovePoint,CP_North,4/6/2015,3,2,200,M_Day
CovePoint,CP_North,4/6/2015,3,3,205,M_Day
CovePoint,CP_North,4/6/2015,3,4,200,M_Day
CovePoint,CP_North,4/6/2015,3,5,203,M_Day
CovePoint,CP_North,4/6/2015,3,6,204,M_Day
CovePoint,CP_North,4/6/2015,3,7,204,M_Day
CovePoint,CP_North,4/6/2015,3,8,201,M_Day
CovePoint,CP_North,4/6/2015,3,9,203,M_Day
CovePoint,CP_North,4/6/2015,5,1,203,M_Day
CovePoint,CP_North,4/6/2015,5,2,203,M_Day
CovePoint,CP_North,4/6/2015,5,3,196,M_Day
CovePoint,CP_North,4/6/2015,5,4,200,M_Day
CovePoint,CP_North,4/6/2015,5,5,197,M_Day
CovePoint,CP_North,4/6/2015,5,6,197,M_Day
CovePoint,CP_North,4/6/2015,5,7,201,M_Day
CovePoint,CP_North,4/6/2015,5,8,202,M_Day
CovePoint,CP_North,4/6/2015,5,9,205,M_Day
CovePoint,CP_North,4/6/2015,7,1,199,M_Day
CovePoint,CP_North,4/6/2015,7,2,200,M_Day
CovePoint,CP_North,4/6/2015,7,3,196,M_Day
CovePoint,CP_North,4/6/2015,7,4,197,M_Day
CovePoint,CP_North,4/6/2015,7,5,195,M_Day
CovePoint,CP_North,4/6/2015,7,6,195,M_Day
CovePoint,CP_North,4/6/2015,7,7,193,M_Day
CovePoint,CP_North,4/6/2015,7,8,191,M_Day
CovePoint,CP_North,4/6/2015,7,9,194,M_Day
CovePoint,CP_South,4/6/2015,1,1,187,M_Day
CovePoint,CP_South,4/6/2015,1,2,185,M_Day
CovePoint,CP_South,4/6/2015,1,3,185,M_Day
CovePoint,CP_South,4/6/2015,1,4,181,M_Day
CovePoint,CP_South,4/6/2015,1,5,180,M_Day
CovePoint,CP_South,4/6/2015,1,6,181,M_Day
CovePoint,CP_South,4/6/2015,1,7,179,M_Day
CovePoint,CP_South,4/6/2015,1,8,183,M_Day
CovePoint,CP_South,4/6/2015,1,9,182,M_Day
CovePoint,CP_South,4/6/2015,3,1,195,M_Day
CovePoint,CP_South,4/6/2015,3,2,186,M_Day
CovePoint,CP_South,4/6/2015,3,3,206,M_Day
CovePoint,CP_South,4/6/2015,3,4,186,M_Day
CovePoint,CP_South,4/6/2015,3,5,187,M_Day
CovePoint,CP_South,4/6/2015,3,6,189,M_Day
CovePoint,CP_South,4/6/2015,3,7,185,M_Day
CovePoint,CP_South,4/6/2015,3,8,186,M_Day
CovePoint,CP_South,4/6/2015,3,9,189,M_Day
CovePoint,CP_South,4/6/2015,5,1,192,M_Day
CovePoint,CP_South,4/6/2015,5,2,193,M_Day
CovePoint,CP_South,4/6/2015,5,3,192,M_Day
CovePoint,CP_South,4/6/2015,5,4,201,M_Day
CovePoint,CP_South,4/6/2015,5,5,196,M_Day
CovePoint,CP_South,4/6/2015,5,6,195,M_Day
CovePoint,CP_South,4/6/2015,5,7,205,M_Day
CovePoint,CP_South,4/6/2015,5,8,198,M_Day
CovePoint,CP_South,4/6/2015,5,9,199,M_Day
CovePoint,CP_South,4/6/2015,7,1,180,M_Day
CovePoint,CP_South,4/6/2015,7,2,180,M_Day
CovePoint,CP_South,4/6/2015,7,3,180,M_Day
CovePoint,CP_South,4/6/2015,7,4,176,M_Day
CovePoint,CP_South,4/6/2015,7,5,177,M_Day
CovePoint,CP_South,4/6/2015,7,6,179,M_Day
CovePoint,CP_South,4/6/2015,7,7,176,M_Day
CovePoint,CP_South,4/6/2015,7,8,187,M_Day
CovePoint,CP_South,4/6/2015,7,9,182,M_Day
CovePoint,CP_North,10/20/2015,1,1,189,M_Day
CovePoint,CP_North,10/20/2015,1,2,185,M_Day
CovePoint,CP_North,10/20/2015,1,3,191,M_Day
CovePoint,CP_North,10/20/2015,1,4,190,M_Day
CovePoint,CP_North,10/20/2015,1,5,189,M_Day
CovePoint,CP_North,10/20/2015,1,6,192,M_Day
CovePoint,CP_North,10/20/2015,1,7,201,M_Day
CovePoint,CP_North,10/20/2015,1,8,189,M_Day
CovePoint,CP_North,10/20/2015,1,9,189,M_Day
CovePoint,CP_North,10/20/2015,3,1,204,M_Day
CovePoint,CP_North,10/20/2015,3,2,197,M_Day
CovePoint,CP_North,10/20/2015,3,3,202,M_Day
CovePoint,CP_North,10/20/2015,3,4,200,M_Day
CovePoint,CP_North,10/20/2015,3,5,206,M_Day
CovePoint,CP_North,10/20/2015,3,6,206,M_Day
CovePoint,CP_North,10/20/2015,3,7,204,M_Day
CovePoint,CP_North,10/20/2015,3,8,206,M_Day
CovePoint,CP_North,10/20/2015,3,9,205,M_Day
CovePoint,CP_North,10/20/2015,5,1,195,M_Day
CovePoint,CP_North,10/20/2015,5,2,192,M_Day
CovePoint,CP_North,10/20/2015,5,3,190,M_Day
CovePoint,CP_North,10/20/2015,5,4,191,M_Day
CovePoint,CP_North,10/20/2015,5,5,191,M_Day
CovePoint,CP_North,10/20/2015,5,6,197,M_Day
CovePoint,CP_North,10/20/2015,5,7,194,M_Day
CovePoint,CP_North,10/20/2015,5,8,195,M_Day
CovePoint,CP_North,10/20/2015,5,9,193,M_Day
CovePoint,CP_North,10/20/2015,7,1,200,M_Day
CovePoint,CP_North,10/20/2015,7,2,210,M_Day
CovePoint,CP_North,10/20/2015,7,3,196,M_Day
CovePoint,CP_North,10/20/2015,7,4,197,M_Day
CovePoint,CP_North,10/20/2015,7,5,197,M_Day
CovePoint,CP_North,10/20/2015,7,6,196,M_Day
CovePoint,CP_North,10/20/2015,7,7,198,M_Day
CovePoint,CP_North,10/20/2015,7,8,194,M_Day
CovePoint,CP_North,10/20/2015,7,9,197,M_Day
CovePoint,CP_South,10/20/2015,1,1,184,M_Day
CovePoint,CP_South,10/20/2015,1,2,181,M_Day
CovePoint,CP_South,10/20/2015,1,3,179,M_Day
CovePoint,CP_South,10/20/2015,1,4,182,M_Day
CovePoint,CP_South,10/20/2015,1,5,180,M_Day
CovePoint,CP_South,10/20/2015,1,6,178,M_Day
CovePoint,CP_South,10/20/2015,1,7,176,M_Day
CovePoint,CP_South,10/20/2015,1,8,180,M_Day
CovePoint,CP_South,10/20/2015,1,9,175,M_Day
CovePoint,CP_South,10/20/2015,3,1,184,M_Day
CovePoint,CP_South,10/20/2015,3,2,179,M_Day
CovePoint,CP_South,10/20/2015,3,3,177,M_Day
CovePoint,CP_South,10/20/2015,3,4,193,M_Day
CovePoint,CP_South,10/20/2015,3,5,188,M_Day
CovePoint,CP_South,10/20/2015,3,6,184,M_Day
CovePoint,CP_South,10/20/2015,3,7,187,M_Day
CovePoint,CP_South,10/20/2015,3,8,187,M_Day
CovePoint,CP_South,10/20/2015,3,9,190,M_Day
CovePoint,CP_South,10/20/2015,5,1,187,M_Day
CovePoint,CP_South,10/20/2015,5,2,180,M_Day
CovePoint,CP_South,10/20/2015,5,3,186,M_Day
CovePoint,CP_South,10/20/2015,5,4,188,M_Day
CovePoint,CP_South,10/20/2015,5,5,185,M_Day
CovePoint,CP_South,10/20/2015,5,6,186,M_Day
CovePoint,CP_South,10/20/2015,5,7,188,M_Day
CovePoint,CP_South,10/20/2015,5,8,190,M_Day
CovePoint,CP_South,10/20/2015,5,9,191,M_Day
CovePoint,CP_South,10/20/2015,7,1,177,M_Day
CovePoint,CP_South,10/20/2015,7,2,177,M_Day
CovePoint,CP_South,10/20/2015,7,3,176,M_Day
CovePoint,CP_South,10/20/2015,7,4,172,M_Day
CovePoint,CP_South,10/20/2015,7,5,174,M_Day
CovePoint,CP_South,10/20/2015,7,6,178,M_Day
CovePoint,CP_South,10/20/2015,7,7,180,M_Day
CovePoint,CP_South,10/20/2015,7,8,177,M_Day
CovePoint,CP_South,10/20/2015,7,9,185,M_Day
CovePoint,CP_North,4/12/2016,1,1,159,M_Day
CovePoint,CP_North,4/12/2016,1,2,186,M_Day
CovePoint,CP_North,4/12/2016,1,3,191,M_Day
CovePoint,CP_North,4/12/2016,1,4,190,M_Day
CovePoint,CP_North,4/12/2016,1,5,199,M_Day
CovePoint,CP_North,4/12/2016,1,6,193,M_Day
CovePoint,CP_North,4/12/2016,1,7,201,M_Day
CovePoint,CP_North,4/12/2016,1,8,194,M_Day
CovePoint,CP_North,4/12/2016,1,9,195,M_Day
CovePoint,CP_North,4/12/2016,3,1,187,M_Day
CovePoint,CP_North,4/12/2016,3,2,194,M_Day
CovePoint,CP_North,4/12/2016,3,3,192,M_Day
CovePoint,CP_North,4/12/2016,3,4,195,M_Day
CovePoint,CP_North,4/12/2016,3,5,194,M_Day
CovePoint,CP_North,4/12/2016,3,6,201,M_Day
CovePoint,CP_North,4/12/2016,3,7,206,M_Day
CovePoint,CP_North,4/12/2016,3,8,204,M_Day
CovePoint,CP_North,4/12/2016,3,9,200,M_Day
CovePoint,CP_North,4/12/2016,5,1,188,M_Day
CovePoint,CP_North,4/12/2016,5,2,193,M_Day
CovePoint,CP_North,4/12/2016,5,3,185,M_Day
CovePoint,CP_North,4/12/2016,5,4,186,M_Day
CovePoint,CP_North,4/12/2016,5,5,189,M_Day
CovePoint,CP_North,4/12/2016,5,6,185,M_Day
CovePoint,CP_North,4/12/2016,5,7,186,M_Day
CovePoint,CP_North,4/12/2016,5,8,183,M_Day
CovePoint,CP_North,4/12/2016,5,9,185,M_Day
CovePoint,CP_North,4/12/2016,7,1,185,M_Day
CovePoint,CP_North,4/12/2016,7,2,183,M_Day
CovePoint,CP_North,4/12/2016,7,3,185,M_Day
CovePoint,CP_North,4/12/2016,7,4,192,M_Day
CovePoint,CP_North,4/12/2016,7,5,210,M_Day
CovePoint,CP_North,4/12/2016,7,6,188,M_Day
CovePoint,CP_North,4/12/2016,7,7,179,M_Day
CovePoint,CP_North,4/12/2016,7,8,181,M_Day
CovePoint,CP_North,4/12/2016,7,9,182,M_Day
CovePoint,CP_South,4/12/2016,1,1,191,M_Day
CovePoint,CP_South,4/12/2016,1,2,186,M_Day
CovePoint,CP_South,4/12/2016,1,3,187,M_Day
CovePoint,CP_South,4/12/2016,1,4,182,M_Day
CovePoint,CP_South,4/12/2016,1,5,181,M_Day
CovePoint,CP_South,4/12/2016,1,6,187,M_Day
CovePoint,CP_South,4/12/2016,1,7,195,M_Day
CovePoint,CP_South,4/12/2016,1,8,190,M_Day
CovePoint,CP_South,4/12/2016,1,9,194,M_Day
CovePoint,CP_South,4/12/2016,3,1,204,M_Day
CovePoint,CP_South,4/12/2016,3,2,195,M_Day
CovePoint,CP_South,4/12/2016,3,3,201,M_Day
CovePoint,CP_South,4/12/2016,3,4,192,M_Day
CovePoint,CP_South,4/12/2016,3,5,188,M_Day
CovePoint,CP_South,4/12/2016,3,6,193,M_Day
CovePoint,CP_South,4/12/2016,3,7,186,M_Day
CovePoint,CP_South,4/12/2016,3,8,190,M_Day
CovePoint,CP_South,4/12/2016,3,9,190,M_Day
CovePoint,CP_South,4/12/2016,5,1,198,M_Day
CovePoint,CP_South,4/12/2016,5,2,198,M_Day
CovePoint,CP_South,4/12/2016,5,3,193,M_Day
CovePoint,CP_South,4/12/2016,5,4,195,M_Day
CovePoint,CP_South,4/12/2016,5,5,198,M_Day
CovePoint,CP_South,4/12/2016,5,6,203,M_Day
CovePoint,CP_South,4/12/2016,5,7,205,M_Day
CovePoint,CP_South,4/12/2016,5,8,198,M_Day
CovePoint,CP_South,4/12/2016,5,9,202,M_Day
CovePoint,CP_South,4/12/2016,7,1,191,M_Day
CovePoint,CP_South,4/12/2016,7,2,186,M_Day
CovePoint,CP_South,4/12/2016,7,3,225,M_Day
CovePoint,CP_South,4/12/2016,7,4,187,M_Day
CovePoint,CP_South,4/12/2016,7,5,185,M_Day
CovePoint,CP_South,4/12/2016,7,6,190,M_Day
CovePoint,CP_South,4/12/2016,7,7,184,M_Day
CovePoint,CP_South,4/12/2016,7,8,188,M_Day
CovePoint,CP_South,4/12/2016,7,9,186,M_Day
CovePoint,CP_North,12/2/2016,1,1,194,E_Reilly
CovePoint,CP_North,12/2/2016,1,2,190,E_Reilly
CovePoint,CP_North,12/2/2016,1,3,190,E_Reilly
CovePoint,CP_North,12/2/2016,1,4,197,E_Reilly
CovePoint,CP_North,12/2/2016,1,5,189,E_Reilly
CovePoint,CP_North,12/2/2016,1,6,192,E_Reilly
CovePoint,CP_North,12/2/2016,1,7,190,E_Reilly
CovePoint,CP_North,12/2/2016,1,8,191,E_Reilly
CovePoint,CP_North,12/2/2016,1,9,192,E_Reilly
CovePoint,CP_North,12/2/2016,3,1,198,E_Reilly
CovePoint,CP_North,12/2/2016,3,2,199,E_Reilly
CovePoint,CP_North,12/2/2016,3,3,206,E_Reilly
CovePoint,CP_North,12/2/2016,3,4,202,E_Reilly
CovePoint,CP_North,12/2/2016,3,5,200,E_Reilly
CovePoint,CP_North,12/2/2016,3,6,201,E_Reilly
CovePoint,CP_North,12/2/2016,3,7,205,E_Reilly
CovePoint,CP_North,12/2/2016,3,8,201,E_Reilly
CovePoint,CP_North,12/2/2016,3,9,200,E_Reilly
CovePoint,CP_North,12/2/2016,5,1,199,E_Reilly
CovePoint,CP_North,12/2/2016,5,2,201,E_Reilly
CovePoint,CP_North,12/2/2016,5,3,196,E_Reilly
CovePoint,CP_North,12/2/2016,5,4,196,E_Reilly
CovePoint,CP_North,12/2/2016,5,5,196,E_Reilly
CovePoint,CP_North,12/2/2016,5,6,197,E_Reilly
CovePoint,CP_North,12/2/2016,5,7,195,E_Reilly
CovePoint,CP_North,12/2/2016,5,8,199,E_Reilly
CovePoint,CP_North,12/2/2016,5,9,200,E_Reilly
CovePoint,CP_North,12/2/2016,7,1,198,E_Reilly
CovePoint,CP_North,12/2/2016,7,2,202,E_Reilly
CovePoint,CP_North,12/2/2016,7,3,196,E_Reilly
CovePoint,CP_North,12/2/2016,7,4,198,E_Reilly
CovePoint,CP_North,12/2/2016,7,5,194,E_Reilly
CovePoint,CP_North,12/2/2016,7,6,194,E_Reilly
CovePoint,CP_North,12/2/2016,7,7,197,E_Reilly
CovePoint,CP_North,12/2/2016,7,8,198,E_Reilly
CovePoint,CP_North,12/2/2016,7,9,200,E_Reilly
CovePoint,CP_South,12/2/2016,1,1,184,E_Reilly
CovePoint,CP_South,12/2/2016,1,2,186,E_Reilly
CovePoint,CP_South,12/2/2016,1,3,186,E_Reilly
CovePoint,CP_South,12/2/2016,1,4,188,E_Reilly
CovePoint,CP_South,12/2/2016,1,5,189,E_Reilly
CovePoint,CP_South,12/2/2016,1,6,191,E_Reilly
CovePoint,CP_South,12/2/2016,1,7,197,E_Reilly
CovePoint,CP_South,12/2/2016,1,8,190,E_Reilly
CovePoint,CP_South,12/2/2016,1,9,185,E_Reilly
CovePoint,CP_South,12/2/2016,3,1,200,E_Reilly
CovePoint,CP_South,12/2/2016,3,2,195,E_Reilly
CovePoint,CP_South,12/2/2016,3,3,190,E_Reilly
CovePoint,CP_South,12/2/2016,3,4,194,E_Reilly
CovePoint,CP_South,12/2/2016,3,5,194,E_Reilly
CovePoint,CP_South,12/2/2016,3,6,192,E_Reilly
CovePoint,CP_South,12/2/2016,3,7,194,E_Reilly
CovePoint,CP_South,12/2/2016,3,8,198,E_Reilly
CovePoint,CP_South,12/2/2016,3,9,200,E_Reilly
CovePoint,CP_South,12/2/2016,5,1,197,E_Reilly
CovePoint,CP_South,12/2/2016,5,2,199,E_Reilly
CovePoint,CP_South,12/2/2016,5,3,195,E_Reilly
CovePoint,CP_South,12/2/2016,5,4,199,E_Reilly
CovePoint,CP_South,12/2/2016,5,5,200,E_Reilly
CovePoint,CP_South,12/2/2016,5,6,202,E_Reilly
CovePoint,CP_South,12/2/2016,5,7,205,E_Reilly
CovePoint,CP_South,12/2/2016,5,8,201,E_Reilly
CovePoint,CP_South,12/2/2016,5,9,200,E_Reilly
CovePoint,CP_South,12/2/2016,7,1,186,E_Reilly
CovePoint,CP_South,12/2/2016,7,2,187,E_Reilly
CovePoint,CP_South,12/2/2016,7,3,190,E_Reilly
CovePoint,CP_South,12/2/2016,7,4,187,E_Reilly
CovePoint,CP_South,12/2/2016,7,5,192,E_Reilly
CovePoint,CP_South,12/2/2016,7,6,187,E_Reilly
CovePoint,CP_South,12/2/2016,7,7,187,E_Reilly
CovePoint,CP_South,12/2/2016,7,8,187,E_Reilly
CovePoint,CP_South,12/2/2016,7,9,190,E_Reilly
CovePoint,CP_North,4/5/2017,1,1,200,E_Reilly
CovePoint,CP_North,4/5/2017,1,2,196,E_Reilly
CovePoint,CP_North,4/5/2017,1,3,202,E_Reilly
CovePoint,CP_North,4/5/2017,1,4,202,E_Reilly
CovePoint,CP_North,4/5/2017,1,5,194,E_Reilly
CovePoint,CP_North,4/5/2017,1,6,200,E_Reilly
CovePoint,CP_North,4/5/2017,1,7,199,E_Reilly
CovePoint,CP_North,4/5/2017,1,8,199,E_Reilly
CovePoint,CP_North,4/5/2017,1,9,197,E_Reilly
CovePoint,CP_North,4/5/2017,3,1,202,E_Reilly
CovePoint,CP_North,4/5/2017,3,2,201,E_Reilly
CovePoint,CP_North,4/5/2017,3,3,206,E_Reilly
CovePoint,CP_North,4/5/2017,3,4,201,E_Reilly
CovePoint,CP_North,4/5/2017,3,5,207,E_Reilly
CovePoint,CP_North,4/5/2017,3,6,202,E_Reilly
CovePoint,CP_North,4/5/2017,3,7,205,E_Reilly
CovePoint,CP_North,4/5/2017,3,8,212,E_Reilly
CovePoint,CP_North,4/5/2017,3,9,209,E_Reilly
CovePoint,CP_North,4/5/2017,5,1,202,E_Reilly
CovePoint,CP_North,4/5/2017,5,2,205,E_Reilly
CovePoint,CP_North,4/5/2017,5,3,203,E_Reilly
CovePoint,CP_North,4/5/2017,5,4,200,E_Reilly
CovePoint,CP_North,4/5/2017,5,5,199,E_Reilly
CovePoint,CP_North,4/5/2017,5,6,201,E_Reilly
CovePoint,CP_North,4/5/2017,5,7,198,E_Reilly
CovePoint,CP_North,4/5/2017,5,8,201,E_Reilly
CovePoint,CP_North,4/5/2017,5,9,204,E_Reilly
CovePoint,CP_North,4/5/2017,7,1,201,E_Reilly
CovePoint,CP_North,4/5/2017,7,2,207,E_Reilly
CovePoint,CP_North,4/5/2017,7,3,200,E_Reilly
CovePoint,CP_North,4/5/2017,7,4,202,E_Reilly
CovePoint,CP_North,4/5/2017,7,5,199,E_Reilly
CovePoint,CP_North,4/5/2017,7,6,198,E_Reilly
CovePoint,CP_North,4/5/2017,7,7,205,E_Reilly
CovePoint,CP_North,4/5/2017,7,8,200,E_Reilly
CovePoint,CP_North,4/5/2017,7,9,202,E_Reilly
CovePoint,CP_South,4/5/2017,1,1,188,E_Reilly
CovePoint,CP_South,4/5/2017,1,2,187,E_Reilly
CovePoint,CP_South,4/5/2017,1,3,186,E_Reilly
CovePoint,CP_South,4/5/2017,1,4,188,E_Reilly
CovePoint,CP_South,4/5/2017,1,5,192,E_Reilly
CovePoint,CP_South,4/5/2017,1,6,192,E_Reilly
CovePoint,CP_South,4/5/2017,1,7,198,E_Reilly
CovePoint,CP_South,4/5/2017,1,8,199,E_Reilly
CovePoint,CP_South,4/5/2017,1,9,186,E_Reilly
CovePoint,CP_South,4/5/2017,3,1,205,E_Reilly
CovePoint,CP_South,4/5/2017,3,2,200,E_Reilly
CovePoint,CP_South,4/5/2017,3,3,196,E_Reilly
CovePoint,CP_South,4/5/2017,3,4,202,E_Reilly
CovePoint,CP_South,4/5/2017,3,5,199,E_Reilly
CovePoint,CP_South,4/5/2017,3,6,197,E_Reilly
CovePoint,CP_South,4/5/2017,3,7,203,E_Reilly
CovePoint,CP_South,4/5/2017,3,8,203,E_Reilly
CovePoint,CP_South,4/5/2017,3,9,206,E_Reilly
CovePoint,CP_South,4/5/2017,5,1,195,E_Reilly
CovePoint,CP_South,4/5/2017,5,2,198,E_Reilly
CovePoint,CP_South,4/5/2017,5,3,195,E_Reilly
CovePoint,CP_South,4/5/2017,5,4,208,E_Reilly
CovePoint,CP_South,4/5/2017,5,5,202,E_Reilly
CovePoint,CP_South,4/5/2017,5,6,205,E_Reilly
CovePoint,CP_South,4/5/2017,5,7,203,E_Reilly
CovePoint,CP_South,4/5/2017,5,8,200,E_Reilly
CovePoint,CP_South,4/5/2017,5,9,196,E_Reilly
CovePoint,CP_South,4/5/2017,7,1,191,E_Reilly
CovePoint,CP_South,4/5/2017,7,2,193,E_Reilly
CovePoint,CP_South,4/5/2017,7,3,192,E_Reilly
CovePoint,CP_South,4/5/2017,7,4,188,E_Reilly
CovePoint,CP_South,4/5/2017,7,5,188,E_Reilly
CovePoint,CP_South,4/5/2017,7,6,186,E_Reilly
CovePoint,CP_South,4/5/2017,7,7,185,E_Reilly
CovePoint,CP_South,4/5/2017,7,8,190,E_Reilly
CovePoint,CP_South,4/5/2017,7,9,191,E_Reilly
CovePoint,CP_North,10/5/2017,1,1,200,E_Reilly
CovePoint,CP_North,10/5/2017,1,2,206,E_Reilly
CovePoint,CP_North,10/5/2017,1,3,204,E_Reilly
CovePoint,CP_North,10/5/2017,1,4,199,E_Reilly
CovePoint,CP_North,10/5/2017,1,5,193,E_Reilly
CovePoint,CP_North,10/5/2017,1,6,188,E_Reilly
CovePoint,CP_North,10/5/2017,1,7,193,E_Reilly
CovePoint,CP_North,10/5/2017,1,8,192,E_Reilly
CovePoint,CP_North,10/5/2017,1,9,196,E_Reilly
CovePoint,CP_North,10/5/2017,3,1,205,E_Reilly
CovePoint,CP_North,10/5/2017,3,2,205,E_Reilly
CovePoint,CP_North,10/5/2017,3,3,205,E_Reilly
CovePoint,CP_North,10/5/2017,3,4,204,E_Reilly
CovePoint,CP_North,10/5/2017,3,5,209,E_Reilly
CovePoint,CP_North,10/5/2017,3,6,203,E_Reilly
CovePoint,CP_North,10/5/2017,3,7,206,E_Reilly
CovePoint,CP_North,10/5/2017,3,8,206,E_Reilly
CovePoint,CP_North,10/5/2017,3,9,204,E_Reilly
CovePoint,CP_North,10/5/2017,5,1,198,E_Reilly
CovePoint,CP_North,10/5/2017,5,2,205,E_Reilly
CovePoint,CP_North,10/5/2017,5,3,198,E_Reilly
CovePoint,CP_North,10/5/2017,5,4,197,E_Reilly
CovePoint,CP_North,10/5/2017,5,5,199,E_Reilly
CovePoint,CP_North,10/5/2017,5,6,198,E_Reilly
CovePoint,CP_North,10/5/2017,5,7,198,E_Reilly
CovePoint,CP_North,10/5/2017,5,8,199,E_Reilly
CovePoint,CP_North,10/5/2017,5,9,201,E_Reilly
CovePoint,CP_North,10/5/2017,7,1,201,E_Reilly
CovePoint,CP_North,10/5/2017,7,2,210,E_Reilly
CovePoint,CP_North,10/5/2017,7,3,198,E_Reilly
CovePoint,CP_North,10/5/2017,7,4,200,E_Reilly
CovePoint,CP_North,10/5/2017,7,5,197,E_Reilly
CovePoint,CP_North,10/5/2017,7,6,198,E_Reilly
CovePoint,CP_North,10/5/2017,7,7,196,E_Reilly
CovePoint,CP_North,10/5/2017,7,8,198,E_Reilly
CovePoint,CP_North,10/5/2017,7,9,203,E_Reilly
CovePoint,CP_South,10/5/2017,1,1,187,E_Reilly
CovePoint,CP_South,10/5/2017,1,2,186,E_Reilly
CovePoint,CP_South,10/5/2017,1,3,189,E_Reilly
CovePoint,CP_South,10/5/2017,1,4,194,E_Reilly
CovePoint,CP_South,10/5/2017,1,5,195,E_Reilly
CovePoint,CP_South,10/5/2017,1,6,191,E_Reilly
CovePoint,CP_South,10/5/2017,1,7,200,E_Reilly
CovePoint,CP_South,10/5/2017,1,8,195,E_Reilly
CovePoint,CP_South,10/5/2017,1,9,197,E_Reilly
CovePoint,CP_South,10/5/2017,3,1,205,E_Reilly
CovePoint,CP_South,10/5/2017,3,2,197,E_Reilly
CovePoint,CP_South,10/5/2017,3,3,194,E_Reilly
CovePoint,CP_South,10/5/2017,3,4,196,E_Reilly
CovePoint,CP_South,10/5/2017,3,5,198,E_Reilly
CovePoint,CP_South,10/5/2017,3,6,195,E_Reilly
CovePoint,CP_South,10/5/2017,3,7,201,E_Reilly
CovePoint,CP_South,10/5/2017,3,8,198,E_Reilly
CovePoint,CP_South,10/5/2017,3,9,206,E_Reilly
CovePoint,CP_South,10/5/2017,5,1,196,E_Reilly
CovePoint,CP_South,10/5/2017,5,2,198,E_Reilly
CovePoint,CP_South,10/5/2017,5,3,202,E_Reilly
CovePoint,CP_South,10/5/2017,5,4,214,E_Reilly
CovePoint,CP_South,10/5/2017,5,5,207,E_Reilly
CovePoint,CP_South,10/5/2017,5,6,209,E_Reilly
CovePoint,CP_South,10/5/2017,5,7,209,E_Reilly
CovePoint,CP_South,10/5/2017,5,8,203,E_Reilly
CovePoint,CP_South,10/5/2017,5,9,198,E_Reilly
CovePoint,CP_South,10/5/2017,7,1,192,E_Reilly
CovePoint,CP_South,10/5/2017,7,2,196,E_Reilly
CovePoint,CP_South,10/5/2017,7,3,190,E_Reilly
CovePoint,CP_South,10/5/2017,7,4,199,E_Reilly
CovePoint,CP_South,10/5/2017,7,5,197,E_Reilly
CovePoint,CP_South,10/5/2017,7,6,186,E_Reilly
CovePoint,CP_South,10/5/2017,7,7,184,E_Reilly
CovePoint,CP_South,10/5/2017,7,8,199,E_Reilly
CovePoint,CP_South,10/5/2017,7,9,192,E_Reilly
ParkersCreek,PC_Set2,4/11/2017,1,1,234,E_Reilly
ParkersCreek,PC_Set2,4/11/2017,1,2,233,E_Reilly
ParkersCreek,PC_Set2,4/11/2017,1,3,240,E_Reilly
ParkersCreek,PC_Set2,4/11/2017,1,4,238,E_Reilly
ParkersCreek,PC_Set2,4/11/2017,1,5,235,E_Reilly
ParkersCreek,PC_Set2,4/11/2017,1,6,224,E_Reilly
ParkersCreek,PC_Set2,4/11/2017,1,7,225,E_Reilly
ParkersCreek,PC_Set2,4/11/2017,1,8,225,E_Reilly
ParkersCreek,PC_Set2,4/11/2017,1,9,226,E_Reilly
ParkersCreek,PC_Set2,4/11/2017,3,1,222,E_Reilly
ParkersCreek,PC_Set2,4/11/2017,3,2,224,E_Reilly
ParkersCreek,PC_Set2,4/11/2017,3,3,223,E_Reilly
ParkersCreek,PC_Set2,4/11/2017,3,4,220,E_Reilly
ParkersCreek,PC_Set2,4/11/2017,3,5,226,E_Reilly
ParkersCreek,PC_Set2,4/11/2017,3,6,226,E_Reilly
ParkersCreek,PC_Set2,4/11/2017,3,7,225,E_Reilly
ParkersCreek,PC_Set2,4/11/2017,3,8,228,E_Reilly
ParkersCreek,PC_Set2,4/11/2017,3,9,227,E_Reilly
ParkersCreek,PC_Set2,4/11/2017,5,1,224,E_Reilly
ParkersCreek,PC_Set2,4/11/2017,5,2,224,E_Reilly
ParkersCreek,PC_Set2,4/11/2017,5,3,220,E_Reilly
ParkersCreek,PC_Set2,4/11/2017,5,4,222,E_Reilly
ParkersCreek,PC_Set2,4/11/2017,5,5,230,E_Reilly
ParkersCreek,PC_Set2,4/11/2017,5,6,236,E_Reilly
ParkersCreek,PC_Set2,4/11/2017,5,7,229,E_Reilly
ParkersCreek,PC_Set2,4/11/2017,5,8,235,E_Reilly
ParkersCreek,PC_Set2,4/11/2017,5,9,238,E_Reilly
ParkersCreek,PC_Set2,4/11/2017,7,1,228,E_Reilly
ParkersCreek,PC_Set2,4/11/2017,7,2,219,E_Reilly
ParkersCreek,PC_Set2,4/11/2017,7,3,226,E_Reilly
ParkersCreek,PC_Set2,4/11/2017,7,4,221,E_Reilly
ParkersCreek,PC_Set2,4/11/2017,7,5,225,E_Reilly
ParkersCreek,PC_Set2,4/11/2017,7,6,226,E_Reilly
ParkersCreek,PC_Set2,4/11/2017,7,7,230,E_Reilly
ParkersCreek,PC_Set2,4/11/2017,7,8,231,E_Reilly
ParkersCreek,PC_Set2,4/11/2017,7,9,232,E_Reilly
ParkersCreek,PC_Set1,4/11/2017,1,1,167,E_Reilly
ParkersCreek,PC_Set1,4/11/2017,1,2,166,E_Reilly
ParkersCreek,PC_Set1,4/11/2017,1,3,160,E_Reilly
ParkersCreek,PC_Set1,4/11/2017,1,4,163,E_Reilly
ParkersCreek,PC_Set1,4/11/2017,1,5,161,E_Reilly
ParkersCreek,PC_Set1,4/11/2017,1,6,164,E_Reilly
ParkersCreek,PC_Set1,4/11/2017,1,7,283,E_Reilly
ParkersCreek,PC_Set1,4/11/2017,1,8,320,E_Reilly
ParkersCreek,PC_Set1,4/11/2017,1,9,332,E_Reilly
ParkersCreek,PC_Set1,4/11/2017,3,1,240,E_Reilly
ParkersCreek,PC_Set1,4/11/2017,3,2,279,E_Reilly
ParkersCreek,PC_Set1,4/11/2017,3,3,286,E_Reilly
ParkersCreek,PC_Set1,4/11/2017,3,4,282,E_Reilly
ParkersCreek,PC_Set1,4/11/2017,3,5,191,E_Reilly
ParkersCreek,PC_Set1,4/11/2017,3,6,180,E_Reilly
ParkersCreek,PC_Set1,4/11/2017,3,7,177,E_Reilly
ParkersCreek,PC_Set1,4/11/2017,3,8,172,E_Reilly
ParkersCreek,PC_Set1,4/11/2017,3,9,171,E_Reilly
ParkersCreek,PC_Set1,4/11/2017,5,1,240,E_Reilly
ParkersCreek,PC_Set1,4/11/2017,5,2,242,E_Reilly
ParkersCreek,PC_Set1,4/11/2017,5,3,290,E_Reilly
ParkersCreek,PC_Set1,4/11/2017,5,4,275,E_Reilly
ParkersCreek,PC_Set1,4/11/2017,5,5,280,E_Reilly
ParkersCreek,PC_Set1,4/11/2017,5,6,326,E_Reilly
ParkersCreek,PC_Set1,4/11/2017,5,7,206,E_Reilly
ParkersCreek,PC_Set1,4/11/2017,5,8,206,E_Reilly
ParkersCreek,PC_Set1,4/11/2017,5,9,207,E_Reilly
ParkersCreek,PC_Set1,4/11/2017,7,1,175,E_Reilly
ParkersCreek,PC_Set1,4/11/2017,7,2,178,E_Reilly
ParkersCreek,PC_Set1,4/11/2017,7,3,165,E_Reilly
ParkersCreek,PC_Set1,4/11/2017,7,4,164,E_Reilly
ParkersCreek,PC_Set1,4/11/2017,7,5,172,E_Reilly
ParkersCreek,PC_Set1,4/11/2017,7,6,176,E_Reilly
ParkersCreek,PC_Set1,4/11/2017,7,7,179,E_Reilly
ParkersCreek,PC_Set1,4/11/2017,7,8,171,E_Reilly
ParkersCreek,PC_Set1,4/11/2017,7,9,178,E_Reilly
ParkersCreek,PC_Set3,4/11/2017,1,1,217,E_Reilly
ParkersCreek,PC_Set3,4/11/2017,1,2,215,E_Reilly
ParkersCreek,PC_Set3,4/11/2017,1,3,222,E_Reilly
ParkersCreek,PC_Set3,4/11/2017,1,4,216,E_Reilly
ParkersCreek,PC_Set3,4/11/2017,1,5,211,E_Reilly
ParkersCreek,PC_Set3,4/11/2017,1,6,220,E_Reilly
ParkersCreek,PC_Set3,4/11/2017,1,7,222,E_Reilly
ParkersCreek,PC_Set3,4/11/2017,1,8,207,E_Reilly
ParkersCreek,PC_Set3,4/11/2017,1,9,212,E_Reilly
ParkersCreek,PC_Set3,4/11/2017,3,1,224,E_Reilly
ParkersCreek,PC_Set3,4/11/2017,3,2,219,E_Reilly
ParkersCreek,PC_Set3,4/11/2017,3,3,213,E_Reilly
ParkersCreek,PC_Set3,4/11/2017,3,4,216,E_Reilly
ParkersCreek,PC_Set3,4/11/2017,3,5,230,E_Reilly
ParkersCreek,PC_Set3,4/11/2017,3,6,235,E_Reilly
ParkersCreek,PC_Set3,4/11/2017,3,7,217,E_Reilly
ParkersCreek,PC_Set3,4/11/2017,3,8,220,E_Reilly
ParkersCreek,PC_Set3,4/11/2017,3,9,214,E_Reilly
ParkersCreek,PC_Set3,4/11/2017,5,1,237,E_Reilly
ParkersCreek,PC_Set3,4/11/2017,5,2,233,E_Reilly
ParkersCreek,PC_Set3,4/11/2017,5,3,224,E_Reilly
ParkersCreek,PC_Set3,4/11/2017,5,4,229,E_Reilly
ParkersCreek,PC_Set3,4/11/2017,5,5,247,E_Reilly
ParkersCreek,PC_Set3,4/11/2017,5,6,247,E_Reilly
ParkersCreek,PC_Set3,4/11/2017,5,7,255,E_Reilly
ParkersCreek,PC_Set3,4/11/2017,5,8,252,E_Reilly
ParkersCreek,PC_Set3,4/11/2017,5,9,231,E_Reilly
ParkersCreek,PC_Set3,4/11/2017,7,1,229,E_Reilly
ParkersCreek,PC_Set3,4/11/2017,7,2,228,E_Reilly
ParkersCreek,PC_Set3,4/11/2017,7,3,222,E_Reilly
ParkersCreek,PC_Set3,4/11/2017,7,4,228,E_Reilly
ParkersCreek,PC_Set3,4/11/2017,7,5,222,E_Reilly
ParkersCreek,PC_Set3,4/11/2017,7,6,216,E_Reilly
ParkersCreek,PC_Set3,4/11/2017,7,7,220,E_Reilly
ParkersCreek,PC_Set3,4/11/2017,7,8,228,E_Reilly
ParkersCreek,PC_Set3,4/11/2017,7,9,219,E_Reilly
ParkersCreek,PC_Set4,4/11/2017,1,1,269,E_Reilly
ParkersCreek,PC_Set4,4/11/2017,1,2,271,E_Reilly
ParkersCreek,PC_Set4,4/11/2017,1,3,282,E_Reilly
ParkersCreek,PC_Set4,4/11/2017,1,4,271,E_Reilly
ParkersCreek,PC_Set4,4/11/2017,1,5,275,E_Reilly
ParkersCreek,PC_Set4,4/11/2017,1,6,275,E_Reilly
ParkersCreek,PC_Set4,4/11/2017,1,7,257,E_Reilly
ParkersCreek,PC_Set4,4/11/2017,1,8,267,E_Reilly
ParkersCreek,PC_Set4,4/11/2017,1,9,270,E_Reilly
ParkersCreek,PC_Set4,4/11/2017,3,1,348,E_Reilly
ParkersCreek,PC_Set4,4/11/2017,3,2,344,E_Reilly
ParkersCreek,PC_Set4,4/11/2017,3,3,327,E_Reilly
ParkersCreek,PC_Set4,4/11/2017,3,4,251,E_Reilly
ParkersCreek,PC_Set4,4/11/2017,3,5,228,E_Reilly
ParkersCreek,PC_Set4,4/11/2017,3,6,229,E_Reilly
ParkersCreek,PC_Set4,4/11/2017,3,7,231,E_Reilly
ParkersCreek,PC_Set4,4/11/2017,3,8,256,E_Reilly
ParkersCreek,PC_Set4,4/11/2017,3,9,244,E_Reilly
ParkersCreek,PC_Set4,4/11/2017,5,1,257,E_Reilly
ParkersCreek,PC_Set4,4/11/2017,5,2,256,E_Reilly
ParkersCreek,PC_Set4,4/11/2017,5,3,253,E_Reilly
ParkersCreek,PC_Set4,4/11/2017,5,4,247,E_Reilly
ParkersCreek,PC_Set4,4/11/2017,5,5,242,E_Reilly
ParkersCreek,PC_Set4,4/11/2017,5,6,234,E_Reilly
ParkersCreek,PC_Set4,4/11/2017,5,7,245,E_Reilly
ParkersCreek,PC_Set4,4/11/2017,5,8,251,E_Reilly
ParkersCreek,PC_Set4,4/11/2017,5,9,243,E_Reilly
ParkersCreek,PC_Set4,4/11/2017,7,1,265,E_Reilly
ParkersCreek,PC_Set4,4/11/2017,7,2,269,E_Reilly
ParkersCreek,PC_Set4,4/11/2017,7,3,271,E_Reilly
ParkersCreek,PC_Set4,4/11/2017,7,4,265,E_Reilly
ParkersCreek,PC_Set4,4/11/2017,7,5,270,E_Reilly
ParkersCreek,PC_Set4,4/11/2017,7,6,269,E_Reilly
ParkersCreek,PC_Set4,4/11/2017,7,7,279,E_Reilly
ParkersCreek,PC_Set4,4/11/2017,7,8,289,E_Reilly
ParkersCreek,PC_Set4,4/11/2017,7,9,281,E_Reilly
ParkersCreek,PC_Set2,12/9/2016,1,1,231,E_Reilly
ParkersCreek,PC_Set2,12/9/2016,1,2,225,E_Reilly
ParkersCreek,PC_Set2,12/9/2016,1,3,227,E_Reilly
ParkersCreek,PC_Set2,12/9/2016,1,4,239,E_Reilly
ParkersCreek,PC_Set2,12/9/2016,1,5,232,E_Reilly
ParkersCreek,PC_Set2,12/9/2016,1,6,225,E_Reilly
ParkersCreek,PC_Set2,12/9/2016,1,7,218,E_Reilly
ParkersCreek,PC_Set2,12/9/2016,1,8,226,E_Reilly
ParkersCreek,PC_Set2,12/9/2016,1,9,230,E_Reilly
ParkersCreek,PC_Set2,12/9/2016,3,1,225,E_Reilly
ParkersCreek,PC_Set2,12/9/2016,3,2,216,E_Reilly
ParkersCreek,PC_Set2,12/9/2016,3,3,218,E_Reilly
ParkersCreek,PC_Set2,12/9/2016,3,4,221,E_Reilly
ParkersCreek,PC_Set2,12/9/2016,3,5,226,E_Reilly
ParkersCreek,PC_Set2,12/9/2016,3,6,226,E_Reilly
ParkersCreek,PC_Set2,12/9/2016,3,7,224,E_Reilly
ParkersCreek,PC_Set2,12/9/2016,3,8,234,E_Reilly
ParkersCreek,PC_Set2,12/9/2016,3,9,230,E_Reilly
ParkersCreek,PC_Set2,12/9/2016,5,1,217,E_Reilly
ParkersCreek,PC_Set2,12/9/2016,5,2,217,E_Reilly
ParkersCreek,PC_Set2,12/9/2016,5,3,212,E_Reilly
ParkersCreek,PC_Set2,12/9/2016,5,4,213,E_Reilly
ParkersCreek,PC_Set2,12/9/2016,5,5,215,E_Reilly
ParkersCreek,PC_Set2,12/9/2016,5,6,233,E_Reilly
ParkersCreek,PC_Set2,12/9/2016,5,7,224,E_Reilly
ParkersCreek,PC_Set2,12/9/2016,5,8,228,E_Reilly
ParkersCreek,PC_Set2,12/9/2016,5,9,232,E_Reilly
ParkersCreek,PC_Set2,12/9/2016,7,1,223,E_Reilly
ParkersCreek,PC_Set2,12/9/2016,7,2,226,E_Reilly
ParkersCreek,PC_Set2,12/9/2016,7,3,223,E_Reilly
ParkersCreek,PC_Set2,12/9/2016,7,4,220,E_Reilly
ParkersCreek,PC_Set2,12/9/2016,7,5,235,E_Reilly
ParkersCreek,PC_Set2,12/9/2016,7,6,223,E_Reilly
ParkersCreek,PC_Set2,12/9/2016,7,7,231,E_Reilly
ParkersCreek,PC_Set2,12/9/2016,7,8,217,E_Reilly
ParkersCreek,PC_Set2,12/9/2016,7,9,233,E_Reilly
ParkersCreek,PC_Set1,12/9/2016,1,1,166,E_Reilly
ParkersCreek,PC_Set1,12/9/2016,1,2,152,E_Reilly
ParkersCreek,PC_Set1,12/9/2016,1,3,155,E_Reilly
ParkersCreek,PC_Set1,12/9/2016,1,4,159,E_Reilly
ParkersCreek,PC_Set1,12/9/2016,1,5,165,E_Reilly
ParkersCreek,PC_Set1,12/9/2016,1,6,159,E_Reilly
ParkersCreek,PC_Set1,12/9/2016,1,7,270,E_Reilly
ParkersCreek,PC_Set1,12/9/2016,1,8,296,E_Reilly
ParkersCreek,PC_Set1,12/9/2016,1,9,335,E_Reilly
ParkersCreek,PC_Set1,12/9/2016,3,1,234,E_Reilly
ParkersCreek,PC_Set1,12/9/2016,3,2,262,E_Reilly
ParkersCreek,PC_Set1,12/9/2016,3,3,280,E_Reilly
ParkersCreek,PC_Set1,12/9/2016,3,4,284,E_Reilly
ParkersCreek,PC_Set1,12/9/2016,3,5,186,E_Reilly
ParkersCreek,PC_Set1,12/9/2016,3,6,174,E_Reilly
ParkersCreek,PC_Set1,12/9/2016,3,7,172,E_Reilly
ParkersCreek,PC_Set1,12/9/2016,3,8,172,E_Reilly
ParkersCreek,PC_Set1,12/9/2016,3,9,167,E_Reilly
ParkersCreek,PC_Set1,12/9/2016,5,1,235,E_Reilly
ParkersCreek,PC_Set1,12/9/2016,5,2,242,E_Reilly
ParkersCreek,PC_Set1,12/9/2016,5,3,259,E_Reilly
ParkersCreek,PC_Set1,12/9/2016,5,4,266,E_Reilly
ParkersCreek,PC_Set1,12/9/2016,5,5,274,E_Reilly
ParkersCreek,PC_Set1,12/9/2016,5,6,292,E_Reilly
ParkersCreek,PC_Set1,12/9/2016,5,7,199,E_Reilly
ParkersCreek,PC_Set1,12/9/2016,5,8,199,E_Reilly
ParkersCreek,PC_Set1,12/9/2016,5,9,202,E_Reilly
ParkersCreek,PC_Set1,12/9/2016,7,1,168,E_Reilly
ParkersCreek,PC_Set1,12/9/2016,7,2,164,E_Reilly
ParkersCreek,PC_Set1,12/9/2016,7,3,166,E_Reilly
ParkersCreek,PC_Set1,12/9/2016,7,4,151,E_Reilly
ParkersCreek,PC_Set1,12/9/2016,7,5,164,E_Reilly
ParkersCreek,PC_Set1,12/9/2016,7,6,173,E_Reilly
ParkersCreek,PC_Set1,12/9/2016,7,7,166,E_Reilly
ParkersCreek,PC_Set1,12/9/2016,7,8,165,E_Reilly
ParkersCreek,PC_Set1,12/9/2016,7,9,162,E_Reilly
ParkersCreek,PC_Set3,12/9/2016,1,1,214,E_Reilly
ParkersCreek,PC_Set3,12/9/2016,1,2,212,E_Reilly
ParkersCreek,PC_Set3,12/9/2016,1,3,213,E_Reilly
ParkersCreek,PC_Set3,12/9/2016,1,4,213,E_Reilly
ParkersCreek,PC_Set3,12/9/2016,1,5,213,E_Reilly
ParkersCreek,PC_Set3,12/9/2016,1,6,220,E_Reilly
ParkersCreek,PC_Set3,12/9/2016,1,7,222,E_Reilly
ParkersCreek,PC_Set3,12/9/2016,1,8,205,E_Reilly
ParkersCreek,PC_Set3,12/9/2016,1,9,215,E_Reilly
ParkersCreek,PC_Set3,12/9/2016,3,1,229,E_Reilly
ParkersCreek,PC_Set3,12/9/2016,3,2,245,E_Reilly
ParkersCreek,PC_Set3,12/9/2016,3,3,217,E_Reilly
ParkersCreek,PC_Set3,12/9/2016,3,4,207,E_Reilly
ParkersCreek,PC_Set3,12/9/2016,3,5,216,E_Reilly
ParkersCreek,PC_Set3,12/9/2016,3,6,243,E_Reilly
ParkersCreek,PC_Set3,12/9/2016,3,7,221,E_Reilly
ParkersCreek,PC_Set3,12/9/2016,3,8,216,E_Reilly
ParkersCreek,PC_Set3,12/9/2016,3,9,215,E_Reilly
ParkersCreek,PC_Set3,12/9/2016,5,1,231,E_Reilly
ParkersCreek,PC_Set3,12/9/2016,5,2,233,E_Reilly
ParkersCreek,PC_Set3,12/9/2016,5,3,221,E_Reilly
ParkersCreek,PC_Set3,12/9/2016,5,4,232,E_Reilly
ParkersCreek,PC_Set3,12/9/2016,5,5,250,E_Reilly
ParkersCreek,PC_Set3,12/9/2016,5,6,254,E_Reilly
ParkersCreek,PC_Set3,12/9/2016,5,7,253,E_Reilly
ParkersCreek,PC_Set3,12/9/2016,5,8,251,E_Reilly
ParkersCreek,PC_Set3,12/9/2016,5,9,249,E_Reilly
ParkersCreek,PC_Set3,12/9/2016,7,1,230,E_Reilly
ParkersCreek,PC_Set3,12/9/2016,7,2,228,E_Reilly
ParkersCreek,PC_Set3,12/9/2016,7,3,227,E_Reilly
ParkersCreek,PC_Set3,12/9/2016,7,4,228,E_Reilly
ParkersCreek,PC_Set3,12/9/2016,7,5,229,E_Reilly
ParkersCreek,PC_Set3,12/9/2016,7,6,225,E_Reilly
ParkersCreek,PC_Set3,12/9/2016,7,7,219,E_Reilly
ParkersCreek,PC_Set3,12/9/2016,7,8,235,E_Reilly
ParkersCreek,PC_Set3,12/9/2016,7,9,225,E_Reilly
ParkersCreek,PC_Set4,12/9/2016,1,1,270,E_Reilly
ParkersCreek,PC_Set4,12/9/2016,1,2,274,E_Reilly
ParkersCreek,PC_Set4,12/9/2016,1,3,309,E_Reilly
ParkersCreek,PC_Set4,12/9/2016,1,4,268,E_Reilly
ParkersCreek,PC_Set4,12/9/2016,1,5,275,E_Reilly
ParkersCreek,PC_Set4,12/9/2016,1,6,275,E_Reilly
ParkersCreek,PC_Set4,12/9/2016,1,7,258,E_Reilly
ParkersCreek,PC_Set4,12/9/2016,1,8,259,E_Reilly
ParkersCreek,PC_Set4,12/9/2016,1,9,264,E_Reilly
ParkersCreek,PC_Set4,12/9/2016,3,1,353,E_Reilly
ParkersCreek,PC_Set4,12/9/2016,3,2,337,E_Reilly
ParkersCreek,PC_Set4,12/9/2016,3,3,330,E_Reilly
ParkersCreek,PC_Set4,12/9/2016,3,4,252,E_Reilly
ParkersCreek,PC_Set4,12/9/2016,3,5,239,E_Reilly
ParkersCreek,PC_Set4,12/9/2016,3,6,232,E_Reilly
ParkersCreek,PC_Set4,12/9/2016,3,7,232,E_Reilly
ParkersCreek,PC_Set4,12/9/2016,3,8,235,E_Reilly
ParkersCreek,PC_Set4,12/9/2016,3,9,236,E_Reilly
ParkersCreek,PC_Set4,12/9/2016,5,1,260,E_Reilly
ParkersCreek,PC_Set4,12/9/2016,5,2,252,E_Reilly
ParkersCreek,PC_Set4,12/9/2016,5,3,255,E_Reilly
ParkersCreek,PC_Set4,12/9/2016,5,4,250,E_Reilly
ParkersCreek,PC_Set4,12/9/2016,5,5,248,E_Reilly
ParkersCreek,PC_Set4,12/9/2016,5,6,248,E_Reilly
ParkersCreek,PC_Set4,12/9/2016,5,7,248,E_Reilly
ParkersCreek,PC_Set4,12/9/2016,5,8,254,E_Reilly
ParkersCreek,PC_Set4,12/9/2016,5,9,252,E_Reilly
ParkersCreek,PC_Set4,12/9/2016,7,1,257,E_Reilly
ParkersCreek,PC_Set4,12/9/2016,7,2,268,E_Reilly
ParkersCreek,PC_Set4,12/9/2016,7,3,269,E_Reilly
ParkersCreek,PC_Set4,12/9/2016,7,4,265,E_Reilly
ParkersCreek,PC_Set4,12/9/2016,7,5,269,E_Reilly
ParkersCreek,PC_Set4,12/9/2016,7,6,269,E_Reilly
ParkersCreek,PC_Set4,12/9/2016,7,7,275,E_Reilly
ParkersCreek,PC_Set4,12/9/2016,7,8,273,E_Reilly
ParkersCreek,PC_Set4,12/9/2016,7,9,276,E_Reilly
ParkersCreek,PC_Set1,9/21/2017,1,1,170,E_Reilly
ParkersCreek,PC_Set1,9/21/2017,1,2,166,E_Reilly
ParkersCreek,PC_Set1,9/21/2017,1,3,159,E_Reilly
ParkersCreek,PC_Set1,9/21/2017,1,4,166,E_Reilly
ParkersCreek,PC_Set1,9/21/2017,1,5,161,E_Reilly
ParkersCreek,PC_Set1,9/21/2017,1,6,174,E_Reilly
ParkersCreek,PC_Set1,9/21/2017,1,7,286,E_Reilly
ParkersCreek,PC_Set1,9/21/2017,1,8,308,E_Reilly
ParkersCreek,PC_Set1,9/21/2017,1,9,329,E_Reilly
ParkersCreek,PC_Set1,9/21/2017,3,1,240,E_Reilly
ParkersCreek,PC_Set1,9/21/2017,3,2,272,E_Reilly
ParkersCreek,PC_Set1,9/21/2017,3,3,292,E_Reilly
ParkersCreek,PC_Set1,9/21/2017,3,4,297,E_Reilly
ParkersCreek,PC_Set1,9/21/2017,3,5,196,E_Reilly
ParkersCreek,PC_Set1,9/21/2017,3,6,191,E_Reilly
ParkersCreek,PC_Set1,9/21/2017,3,7,188,E_Reilly
ParkersCreek,PC_Set1,9/21/2017,3,8,183,E_Reilly
ParkersCreek,PC_Set1,9/21/2017,3,9,178,E_Reilly
ParkersCreek,PC_Set1,9/21/2017,5,1,244,E_Reilly
ParkersCreek,PC_Set1,9/21/2017,5,2,248,E_Reilly
ParkersCreek,PC_Set1,9/21/2017,5,3,267,E_Reilly
ParkersCreek,PC_Set1,9/21/2017,5,4,279,E_Reilly
ParkersCreek,PC_Set1,9/21/2017,5,5,289,E_Reilly
ParkersCreek,PC_Set1,9/21/2017,5,6,318,E_Reilly
ParkersCreek,PC_Set1,9/21/2017,5,7,214,E_Reilly
ParkersCreek,PC_Set1,9/21/2017,5,8,209,E_Reilly
ParkersCreek,PC_Set1,9/21/2017,5,9,212,E_Reilly
ParkersCreek,PC_Set1,9/21/2017,7,1,175,E_Reilly
ParkersCreek,PC_Set1,9/21/2017,7,2,175,E_Reilly
ParkersCreek,PC_Set1,9/21/2017,7,3,169,E_Reilly
ParkersCreek,PC_Set1,9/21/2017,7,4,174,E_Reilly
ParkersCreek,PC_Set1,9/21/2017,7,5,172,E_Reilly
ParkersCreek,PC_Set1,9/21/2017,7,6,171,E_Reilly
ParkersCreek,PC_Set1,9/21/2017,7,7,177,E_Reilly
ParkersCreek,PC_Set1,9/21/2017,7,8,170,E_Reilly
ParkersCreek,PC_Set1,9/21/2017,7,9,175,E_Reilly
ParkersCreek,PC_Set2,9/21/2017,1,1,231,E_Reilly
ParkersCreek,PC_Set2,9/21/2017,1,2,216,E_Reilly
ParkersCreek,PC_Set2,9/21/2017,1,3,221,E_Reilly
ParkersCreek,PC_Set2,9/21/2017,1,4,243,E_Reilly
ParkersCreek,PC_Set2,9/21/2017,1,5,233,E_Reilly
ParkersCreek,PC_Set2,9/21/2017,1,6,226,E_Reilly
ParkersCreek,PC_Set2,9/21/2017,1,7,229,E_Reilly
ParkersCreek,PC_Set2,9/21/2017,1,8,226,E_Reilly
ParkersCreek,PC_Set2,9/21/2017,1,9,229,E_Reilly
ParkersCreek,PC_Set2,9/21/2017,3,1,230,E_Reilly
ParkersCreek,PC_Set2,9/21/2017,3,2,231,E_Reilly
ParkersCreek,PC_Set2,9/21/2017,3,3,231,E_Reilly
ParkersCreek,PC_Set2,9/21/2017,3,4,229,E_Reilly
ParkersCreek,PC_Set2,9/21/2017,3,5,232,E_Reilly
ParkersCreek,PC_Set2,9/21/2017,3,6,232,E_Reilly
ParkersCreek,PC_Set2,9/21/2017,3,7,232,E_Reilly
ParkersCreek,PC_Set2,9/21/2017,3,8,236,E_Reilly
ParkersCreek,PC_Set2,9/21/2017,3,9,236,E_Reilly
ParkersCreek,PC_Set2,9/21/2017,5,1,227,E_Reilly
ParkersCreek,PC_Set2,9/21/2017,5,2,225,E_Reilly
ParkersCreek,PC_Set2,9/21/2017,5,3,225,E_Reilly
ParkersCreek,PC_Set2,9/21/2017,5,4,225,E_Reilly
ParkersCreek,PC_Set2,9/21/2017,5,5,229,E_Reilly
ParkersCreek,PC_Set2,9/21/2017,5,6,238,E_Reilly
ParkersCreek,PC_Set2,9/21/2017,5,7,234,E_Reilly
ParkersCreek,PC_Set2,9/21/2017,5,8,239,E_Reilly
ParkersCreek,PC_Set2,9/21/2017,5,9,240,E_Reilly
ParkersCreek,PC_Set2,9/21/2017,7,1,236,E_Reilly
ParkersCreek,PC_Set2,9/21/2017,7,2,230,E_Reilly
ParkersCreek,PC_Set2,9/21/2017,7,3,232,E_Reilly
ParkersCreek,PC_Set2,9/21/2017,7,4,222,E_Reilly
ParkersCreek,PC_Set2,9/21/2017,7,5,230,E_Reilly
ParkersCreek,PC_Set2,9/21/2017,7,6,237,E_Reilly
ParkersCreek,PC_Set2,9/21/2017,7,7,234,E_Reilly
ParkersCreek,PC_Set2,9/21/2017,7,8,215,E_Reilly
ParkersCreek,PC_Set2,9/21/2017,7,9,235,E_Reilly
ParkersCreek,PC_Set3,9/21/2017,1,1,266,E_Reilly
ParkersCreek,PC_Set3,9/21/2017,1,2,244,E_Reilly
ParkersCreek,PC_Set3,9/21/2017,1,3,242,E_Reilly
ParkersCreek,PC_Set3,9/21/2017,1,4,249,E_Reilly
ParkersCreek,PC_Set3,9/21/2017,1,5,245,E_Reilly
ParkersCreek,PC_Set3,9/21/2017,1,6,255,E_Reilly
ParkersCreek,PC_Set3,9/21/2017,1,7,258,E_Reilly
ParkersCreek,PC_Set3,9/21/2017,1,8,245,E_Reilly
ParkersCreek,PC_Set3,9/21/2017,1,9,248,E_Reilly
ParkersCreek,PC_Set3,9/21/2017,3,1,236,E_Reilly
ParkersCreek,PC_Set3,9/21/2017,3,2,232,E_Reilly
ParkersCreek,PC_Set3,9/21/2017,3,3,220,E_Reilly
ParkersCreek,PC_Set3,9/21/2017,3,4,218,E_Reilly
ParkersCreek,PC_Set3,9/21/2017,3,5,220,E_Reilly
ParkersCreek,PC_Set3,9/21/2017,3,6,243,E_Reilly
ParkersCreek,PC_Set3,9/21/2017,3,7,225,E_Reilly
ParkersCreek,PC_Set3,9/21/2017,3,8,228,E_Reilly
ParkersCreek,PC_Set3,9/21/2017,3,9,224,E_Reilly
ParkersCreek,PC_Set3,9/21/2017,5,1,248,E_Reilly
ParkersCreek,PC_Set3,9/21/2017,5,2,235,E_Reilly
ParkersCreek,PC_Set3,9/21/2017,5,3,243,E_Reilly
ParkersCreek,PC_Set3,9/21/2017,5,4,235,E_Reilly
ParkersCreek,PC_Set3,9/21/2017,5,5,260,E_Reilly
ParkersCreek,PC_Set3,9/21/2017,5,6,270,E_Reilly
ParkersCreek,PC_Set3,9/21/2017,5,7,266,E_Reilly
ParkersCreek,PC_Set3,9/21/2017,5,8,262,E_Reilly
ParkersCreek,PC_Set3,9/21/2017,5,9,249,E_Reilly
ParkersCreek,PC_Set3,9/21/2017,7,1,248,E_Reilly
ParkersCreek,PC_Set3,9/21/2017,7,2,235,E_Reilly
ParkersCreek,PC_Set3,9/21/2017,7,3,232,E_Reilly
ParkersCreek,PC_Set3,9/21/2017,7,4,250,E_Reilly
ParkersCreek,PC_Set3,9/21/2017,7,5,232,E_Reilly
ParkersCreek,PC_Set3,9/21/2017,7,6,227,E_Reilly
ParkersCreek,PC_Set3,9/21/2017,7,7,225,E_Reilly
ParkersCreek,PC_Set3,9/21/2017,7,8,235,E_Reilly
ParkersCreek,PC_Set3,9/21/2017,7,9,228,E_Reilly
ParkersCreek,PC_Set4,9/21/2017,1,1,275,E_Reilly
ParkersCreek,PC_Set4,9/21/2017,1,2,278,E_Reilly
ParkersCreek,PC_Set4,9/21/2017,1,3,279,E_Reilly
ParkersCreek,PC_Set4,9/21/2017,1,4,280,E_Reilly
ParkersCreek,PC_Set4,9/21/2017,1,5,264,E_Reilly
ParkersCreek,PC_Set4,9/21/2017,1,6,285,E_Reilly
ParkersCreek,PC_Set4,9/21/2017,1,7,269,E_Reilly
ParkersCreek,PC_Set4,9/21/2017,1,8,268,E_Reilly
ParkersCreek,PC_Set4,9/21/2017,1,9,282,E_Reilly
ParkersCreek,PC_Set4,9/21/2017,3,1,259,E_Reilly
ParkersCreek,PC_Set4,9/21/2017,3,2,271,E_Reilly
ParkersCreek,PC_Set4,9/21/2017,3,3,270,E_Reilly
ParkersCreek,PC_Set4,9/21/2017,3,4,269,E_Reilly
ParkersCreek,PC_Set4,9/21/2017,3,5,268,E_Reilly
ParkersCreek,PC_Set4,9/21/2017,3,6,275,E_Reilly
ParkersCreek,PC_Set4,9/21/2017,3,7,275,E_Reilly
ParkersCreek,PC_Set4,9/21/2017,3,8,282,E_Reilly
ParkersCreek,PC_Set4,9/21/2017,3,9,267,E_Reilly
ParkersCreek,PC_Set4,9/21/2017,5,1,268,E_Reilly
ParkersCreek,PC_Set4,9/21/2017,5,2,268,E_Reilly
ParkersCreek,PC_Set4,9/21/2017,5,3,263,E_Reilly
ParkersCreek,PC_Set4,9/21/2017,5,4,270,E_Reilly
ParkersCreek,PC_Set4,9/21/2017,5,5,269,E_Reilly
ParkersCreek,PC_Set4,9/21/2017,5,6,271,E_Reilly
ParkersCreek,PC_Set4,9/21/2017,5,7,270,E_Reilly
ParkersCreek,PC_Set4,9/21/2017,5,8,278,E_Reilly
ParkersCreek,PC_Set4,9/21/2017,5,9,275,E_Reilly
ParkersCreek,PC_Set4,9/21/2017,7,1,356,E_Reilly
ParkersCreek,PC_Set4,9/21/2017,7,2,349,E_Reilly
ParkersCreek,PC_Set4,9/21/2017,7,3,332,E_Reilly
ParkersCreek,PC_Set4,9/21/2017,7,4,258,E_Reilly
ParkersCreek,PC_Set4,9/21/2017,7,5,235,E_Reilly
ParkersCreek,PC_Set4,9/21/2017,7,6,233,E_Reilly
ParkersCreek,PC_Set4,9/21/2017,7,7,239,E_Reilly
ParkersCreek,PC_Set4,9/21/2017,7,8,256,E_Reilly
ParkersCreek,PC_Set4,9/21/2017,7,9,547,E_Reilly
